<?xml version="1.0" encoding="UTF-8"?>
<project-private xmlns="http://www.netbeans.org/ns/project-private/1">
    <editor-bookmarks xmlns="http://www.netbeans.org/ns/editor-bookmarks/2" lastBookmarkId="0"/>
    <open-files xmlns="http://www.netbeans.org/ns/projectui-open-files/2">
        <group>
            <file>file:/home/jannsen/Downloads/Gotham/LTP%204/LTP4-AAI/src/classes/Clientes.java</file>
            <file>file:/home/jannsen/Downloads/Gotham/LTP%204/LTP4-AAI/src/banco/Banco.java</file>
            <file>file:/home/jannsen/Downloads/Gotham/LTP%204/LTP4-AAI/src/classes/Vendedores.java</file>
        </group>
    </open-files>
</project-private>
