<?xml version="1.0" encoding="UTF-8"?>
<project-private xmlns="http://www.netbeans.org/ns/project-private/1">
    <editor-bookmarks xmlns="http://www.netbeans.org/ns/editor-bookmarks/2" lastBookmarkId="0"/>
    <open-files xmlns="http://www.netbeans.org/ns/projectui-open-files/2">
        <group>
            <file>file:/C:/Users/n225519971/Downloads/LTP4-AAI/src/usuario/CadCliente.java</file>
            <file>file:/C:/Users/n225519971/Downloads/LTP4-AAI/src/classes/Clientes.java</file>
            <file>file:/C:/Users/n225519971/Downloads/LTP4-AAI/src/usuario/MainPage.java</file>
            <file>file:/C:/Users/n225519971/Downloads/LTP4-AAI/src/banco/Banco.java</file>
            <file>file:/C:/Users/n225519971/Downloads/LTP4-AAI/src/classes/Uf.java</file>
        </group>
    </open-files>
</project-private>
