<?xml version="1.0" encoding="UTF-8"?>
<project-private xmlns="http://www.netbeans.org/ns/project-private/1">
    <editor-bookmarks xmlns="http://www.netbeans.org/ns/editor-bookmarks/2" lastBookmarkId="0"/>
    <open-files xmlns="http://www.netbeans.org/ns/projectui-open-files/2">
        <group>
            <file>file:/home/jannsen/Downloads/Gotham/GH/AAI-LTP4/LTP4-AAI/src/usuario/Cadastro/CadVenda.java</file>
            <file>file:/home/jannsen/Downloads/Gotham/GH/AAI-LTP4/LTP4-AAI/src/usuario/Modificacao/AltCliente.java</file>
            <file>file:/home/jannsen/Downloads/Gotham/GH/AAI-LTP4/LTP4-AAI/src/classes/Uf.java</file>
            <file>file:/home/jannsen/Downloads/Gotham/GH/AAI-LTP4/LTP4-AAI/src/usuario/Pesquisa/PesqCliente.java</file>
            <file>file:/home/jannsen/Downloads/Gotham/GH/AAI-LTP4/LTP4-AAI/src/usuario/Modificacao/AltVendedor.java</file>
            <file>file:/home/jannsen/Downloads/Gotham/GH/AAI-LTP4/LTP4-AAI/src/classes/Produtos.java</file>
            <file>file:/home/jannsen/Downloads/Gotham/GH/AAI-LTP4/LTP4-AAI/src/usuario/Pesquisa/PesqVenda.java</file>
            <file>file:/home/jannsen/Downloads/Gotham/GH/AAI-LTP4/LTP4-AAI/src/usuario/Cadastro/CadProduto.java</file>
            <file>file:/home/jannsen/Downloads/Gotham/GH/AAI-LTP4/LTP4-AAI/src/classes/Clientes.java</file>
            <file>file:/home/jannsen/Downloads/Gotham/GH/AAI-LTP4/LTP4-AAI/src/usuario/Modificacao/AltProduto.java</file>
            <file>file:/home/jannsen/Downloads/Gotham/GH/AAI-LTP4/LTP4-AAI/src/classes/Itens.java</file>
            <file>file:/home/jannsen/Downloads/Gotham/GH/AAI-LTP4/LTP4-AAI/src/classes/Vendedores.java</file>
            <file>file:/home/jannsen/Downloads/Gotham/GH/AAI-LTP4/LTP4-AAI/src/classes/Unidade.java</file>
            <file>file:/home/jannsen/Downloads/Gotham/GH/AAI-LTP4/LTP4-AAI/src/usuario/Pesquisa/PesqVendedor.java</file>
            <file>file:/home/jannsen/Downloads/Gotham/GH/AAI-LTP4/LTP4-AAI/src/usuario/Modificacao/AltVenda.java</file>
            <file>file:/home/jannsen/Downloads/Gotham/GH/AAI-LTP4/LTP4-AAI/src/usuario/Pesquisa/PesqProduto.java</file>
            <file>file:/home/jannsen/Downloads/Gotham/GH/AAI-LTP4/LTP4-AAI/src/usuario/Cadastro/CadVendedor.java</file>
            <file>file:/home/jannsen/Downloads/Gotham/GH/AAI-LTP4/LTP4-AAI/src/usuario/MainPage.java</file>
            <file>file:/home/jannsen/Downloads/Gotham/GH/AAI-LTP4/LTP4-AAI/src/banco/Banco.java</file>
            <file>file:/home/jannsen/Downloads/Gotham/GH/AAI-LTP4/LTP4-AAI/src/usuario/Cadastro/CadCliente.java</file>
            <file>file:/home/jannsen/Downloads/Gotham/GH/AAI-LTP4/LTP4-AAI/src/classes/Vendas.java</file>
        </group>
    </open-files>
</project-private>
